{"cameraMode":{"drawMode":0,"name":"Shaded","section":"Shading Mode"},"sceneLighting":true,"audioPlay":false,"sceneViewState":{"m_AlwaysRefresh":false,"showFog":true,"showSkybox":true,"showFlares":true,"showImageEffects":true,"showParticleSystems":true,"showVisualEffectGraphs":true,"m_FxEnabled":true},"in2DMode":false,"pivot":{"x":5.831432819366455,"y":-104.21651458740235,"z":227.5180206298828},"rotation":{"x":0.21667413413524629,"y":0.015227420255541802,"z":-0.003618181450292468,"w":0.9762783646583557},"size":124.8494644165039,"orthographic":false}